{
    "metadata": {
        "version": "1.0",
        "created_at": "2026-02-07 16:50:21.558896"
    },
    "nodes": [
        {
            "id": "13f1bf55-5fe7-4aee-a42e-158fddecfd70",
            "label": "event",
            "properties": {
                "type": "START",
                "game": "Super Mario Land",
                "description": "Come\u00e7ou a jogar Super Mario Land"
            },
            "timestamp": "2026-02-07 16:50:21.558978"
        },
        {
            "id": "07644093-a6d5-44cb-a948-3b6181e90754",
            "label": "event",
            "properties": {
                "type": "STOP",
                "game": "Super Mario Land",
                "description": "Parou de jogar Super Mario Land"
            },
            "timestamp": "2026-02-07 16:50:24.559893"
        },
        {
            "id": "bdd48e74-bff2-4c6e-9699-ba6233ceb93f",
            "label": "event",
            "properties": {
                "type": "START",
                "game": "Pokemon Red",
                "description": "Come\u00e7ou a jogar Pokemon Red"
            },
            "timestamp": "2026-02-07 16:50:24.590734"
        },
        {
            "id": "b7976a58-552f-429f-984b-23936d23f208",
            "label": "event",
            "properties": {
                "type": "STOP",
                "game": "Pokemon Red",
                "description": "Parou de jogar Pokemon Red"
            },
            "timestamp": "2026-02-07 16:50:27.591311"
        }
    ],
    "edges": [
        {
            "source": "13f1bf55-5fe7-4aee-a42e-158fddecfd70",
            "target": "07644093-a6d5-44cb-a948-3b6181e90754",
            "relation": "SESSION_END",
            "timestamp": "2026-02-07 16:50:24.559915"
        },
        {
            "source": "bdd48e74-bff2-4c6e-9699-ba6233ceb93f",
            "target": "b7976a58-552f-429f-984b-23936d23f208",
            "relation": "SESSION_END",
            "timestamp": "2026-02-07 16:50:27.591334"
        }
    ]
}